num_trees,misclassification
250,0.1771393113557995
500,0.1742599656843964
750,0.1762805883626793
1e3,0.17252836034715396
1250,0.17396511802235512
1500,0.17281321317319384
